# Attack animation -> combat style, derived by name matching over net.runelite.api.gameval.AnimationID.
# Names are not available at runtime, so the match is done once here instead. id<TAB>style<TAB>source constant
185	MAGIC	MAGICAXE_ATTACK
1250	RANGED	KALPHITE_QUEEN_RANGED_ATTACK
1251	RANGED	KALPHITE_RANGED_ATTACK
1343	RANGED	HORROR_DAGANNOTH_RANGEATTACK
1394	RANGED	M_MONKEY_ATTACK_BOW
1990	RANGED	DRAGON_RANGED_ATTACKS
2078	RANGED	BARROWS_QUARTERSTAFF_ATTACK
2186	RANGED	ABYSSAL_PYRAMID_RANGED_ATTACK
2613	MAGIC	THZAAR_MAGIC_ATTACK
2779	RANGED	HUMAN_CHINCHOMPA_ATTACK
2853	MELEE	DAGANNOTH_MEGANOTH_ATTACK_MELEE
2855	RANGED	DAGANNOTH_MEGANOTH_ATTACK_RANGE
3502	RANGED	AGRITH_NANA_RANGED_ATTACK
3508	MELEE	DESSOURT_MELEE_ATTACK
4041	RANGED	ROYAL_SEA_SNAKE_MOTHER_RANGED_ATTACK
4410	RANGED	HOSDUN_SPIDER_BOSS_ATTACK_RANGED
4490	RANGED	CERBERUS_ATTACK_RANGE
4589	MELEE	NPC_MAD_ANGEL_ATTACK_MELEE
4685	MELEE	MYQ3_VAMPIRE_FLYING_STAB_ATTACK
4686	MELEE	MYQ3_VAMPIRE_FLYING_STAB_ATTACK_HEAD
5061	RANGED	SNAKEBOSS_BLOWPIPE_ATTACK
5085	RANGED	BARBASSAULT_PENANCE_QUEEN_RANGEATTACK
5347	RANGED	GOLEM_RANGED_ATTACK
5396	RANGED	BARBASSAULT_PENANCE_RANGER_ATTACK
5404	RANGED	BARBASSAULT_PENANCE_QUEEN_RANGE_ATTACK_TRAVEL
5405	RANGED	BARBASSAULT_PENANCE_QUEEN_RANGE_ATTACK_IMPACT
5413	RANGED	BARBASSAULT_PENACNE_QUEEN_NEW_ATTACK_RANGED
5451	RANGED	CONTACT_LOCUST_BOW_ATTACK
5725	RANGED	PENG_ICELORD_RANGED_ATTACK
6231	RANGED	KALPHITE_UPDATE_RANGED_ATTACK
6234	RANGED	KALPHITE_UPDATE_FLYING_QUEEN_RANGED_ATTACK
6240	RANGED	KALPHITE_UPDATE_QUEEN_RANGED_ATTACK
6325	RANGED	DREAM_INADEQUACY_RANGED_ATTACK
6887	MAGIC	PEST_MAGIC_ATTACK
6950	MAGIC	GODWARS_ZAMORAK_MAGIC_ATTACK
6970	MAGIC	GODWARS_SARADOMIN_MAGIC_ATTACK
6972	RANGED	GODWARS_SPIRITUAL_ORK_RANGER_RANGED_ATTACK
6982	MAGIC	GODWARS_SPIRITUAL_ORK_MAGE_MAGIC_ATTACK
7008	RANGED	SUPERIOR_HYDRA_ATTACK_RANGED
7010	MAGIC	SUPERIOR_HYDRA_ATTACK_MAGIC
7026	RANGED	GODWARS_CENTAUR_ATTACK_RANGED
7037	MAGIC	GODWARS_LION_MAGIC_ATTACK
7079	MAGIC	GODWARS_ZAMORAK_MAGIC_ATTACK_SPOT
7080	MAGIC	GODWARS_ZAMORAK_MAGIC_ATTACK_PROJ
7126	MELEE	ABYSSAL_SCION_ATTACK_MELEE
7127	RANGED	ABYSSAL_SCION_ATTACK_RANGED
7192	MELEE	SHAY_LIZARD_WARRIOR_ATTACK_MELEE
7193	RANGED	SHAY_LIZARD_WARRIOR_ATTACK_RANGED
7436	MAGIC	VANGUARD_ATTACK_MAGIC
7441	MELEE	VANGUARD_ATTACK_MELEE
7446	RANGED	VANGUARD_ATTACK_RANGED
7450	RANGED	VESPULA_ATTACK_RANGED
7454	MELEE	VESPULA_ATTACK_MELEE_FLYING
7455	RANGED	VESPULA_ATTACK_RANGED_FLYING
7482	MELEE	TEKTON_ATTACK_STAB
7493	MELEE	TEKTON_ATTACK_STAB_ENRAGED
7525	RANGED	SPECIALATTACK_DISEMBOWEL
7581	MAGIC	JALAK_ATTACK_MAGIC
7582	MELEE	JALAK_ATTACK_MELEE
7583	RANGED	JALAK_ATTACK_RANGED
7590	MELEE	JALTOKJAD_ATTACK_MELEE
7592	MAGIC	JALTOKJAD_ATTACK_MAGIC
7593	RANGED	JALTOKJAD_ATTACK_RANGED
7604	MELEE	JALXIL_ATTACK_MELEE
7605	RANGED	JALXIL_ATTACK_RANGED
7610	MAGIC	JALAKXIL_ATTACK_MAGIC
7612	MELEE	JALAKXIL_ATTACK_MELEE
7618	RANGED	HUMAN_CHINCHOMPA_ATTACK_PVN
7769	MELEE	GG_DAWN_ATTACK_SLASH
7770	RANGED	GG_DAWN_ATTACK_RANGED
7785	MELEE	GG_DUSK_ATTACK_SLASH_DEFENSIVE
7786	MELEE	GG_DUSK_ATTACK_SLASH
7800	MELEE	GG_DUSK_ENRAGE_ATTACK_SLASH
7801	RANGED	GG_DUSK_ENRAGE_ATTACK_RANGED
7815	RANGED	GARGOYLE_MARBLE_ATTACK_RANGED
7840	MELEE	ZAMORAK_DEMON_BOSS_ATTACK_MELEE
7841	MAGIC	ZAMORAK_DEMON_BOSS_ATTACK_MAGIC
7848	MELEE	ENT_BOSS_ATTACK_MELEE
7849	MAGIC	ENT_BOSS_ATTACK_MAGIC
7863	RANGED	DWARF_CROSSBOW_ATTACK
7865	MELEE	DRAGONKIN_ATTACK_MELEE
7951	MELEE	DS2_VORKATH_ATTACK_MELEE
7989	MAGIC	TOP_SPIDER_MAGIC_ATTACK
7999	RANGED	TOP_SPIDER_RANGED_ATTACK
8004	MELEE	TOP_SPIDER_MELEE_ATTACK
8059	RANGED	TOB_XARPUS_ATTACK_RANGED
8109	MAGIC	VERZIK_PHASE1_ATTACK_MAGIC
8114	MAGIC	VERZIK_PHASE2_ATTACK_MAGIC
8116	MELEE	VERZIK_PHASE2_ATTACK_MELEE
8123	MELEE	VERZIK_PHASE3_ATTACK_MELEE
8124	MAGIC	VERZIK_PHASE3_ATTACK_MAGIC
8125	RANGED	VERZIK_PHASE3_ATTACK_RANGED
8138	MELEE	TOB_SOTETSEG_ATTACK_MELEE
8139	RANGED	TOB_SOTETSEG_ATTACK_RANGED
8147	MELEE	HOSDUN_SPIDER_BOSS_ATTACK_MELEE
8158	MELEE	MY2ARM_TROLL_ATTACK_MELEE
8159	RANGED	MY2ARM_TROLL_ATTACK_RANGED
8224	RANGED	HESPORI_ATTACK_RANGED
8235	RANGED	HYDRA_STAGE_1_ATTACK_RANGED
8236	MAGIC	HYDRA_STAGE_1_ATTACK_MAGIC
8242	RANGED	HYDRA_STAGE_2_ATTACK_RANGED
8243	MAGIC	HYDRA_STAGE_2_ATTACK_MAGIC
8249	RANGED	HYDRA_STAGE_3_ATTACK_RANGED
8250	MAGIC	HYDRA_STAGE_3_ATTACK_MAGIC
8255	MAGIC	HYDRA_STAGE_4_ATTACK_MAGIC
8256	RANGED	HYDRA_STAGE_4_ATTACK_RANGED
8261	RANGED	HYDRA_LESSER_ATTACK_RANGED
8262	MAGIC	HYDRA_LESSER_ATTACK_MAGIC
8270	MELEE	WYRM_ATTACK_MELEE
8271	MAGIC	WYRM_ATTACK_MAGIC
8339	MELEE	SOTE_GAUNTLET_SPIDER_ATTACK_MELEE
8375	RANGED	DARK_LORD_ATTACK_RANGED
8376	RANGED	DARK_LORD_ATTACK_RANGED_SINGLE
8377	RANGED	DARK_LORD_ATTACK_RANGED_MULTIPLE
8379	MELEE	DARK_LORD_ATTACK_MELEE
8419	RANGED	HUNLLEF_ATTACK_RANGED
8420	MELEE	HUNLLEF_ATTACK_MELEE
8431	MELEE	ZALCANO_ATTACK_MELEE
8432	RANGED	ZALCANO_ATTACK_RANGED
8433	MAGIC	ZALCANO_ATTACK_MAGIC
8528	MELEE	SPECTRE_GHOST_MELEE_ATTACK
8530	RANGED	SPECTRE_GHOST_RANGE_ATTACK
8554	RANGED	NIGHTMARE_PARASITE_ATTACK_RANGED
8555	MAGIC	NIGHTMARE_PARASITE_ATTACK_MAGIC
8564	RANGED	HUSK_RANGED_ATTACK
8565	MAGIC	HUSK_MAGIC_ATTACK
8594	MELEE	NIGHTMARE_ATTACK_MELEE
8595	MAGIC	NIGHTMARE_ATTACK_MAGIC
8596	RANGED	NIGHTMARE_ATTACK_RANGED
8754	MAGIC	HUNLLEF_ATTACK_TRANSITION_MAGIC
8755	RANGED	HUNLLEF_ATTACK_TRANSITION_RANGED
8769	MELEE	SOURHOG_ATTACK_MELEE
8770	RANGED	SOURHOG_ATTACK_RANGED
8942	MELEE	ANCIENT_GUARDIAN_ATTACK_MELEE
8946	MELEE	ANCIENT_GUARDIAN_ATTACK_MELEE_VARIATION
9188	MAGIC	NEX_ALTERNATE_CAST_ATTACK
9189	MAGIC	NEX_CAST_ATTACK
9205	RANGED	HUMAN_XBOWS_LEAGUE03_ATTACK
9206	RANGED	HUMAN_XBOWS_LEAGUE03_ATTACK_PVN
9277	MELEE	NPC_REVENANT_SUPERIOR_ATTACK_MELEE
9382	RANGED	RIFT_GUARDIAN_ATTACK_RANGED
9383	MELEE	RIFT_GUARDIAN_ATTACK_MELEE
9393	RANGED	GOTR_ABYSSAL_PYRAMID_RANGED_ATTACK
9427	MELEE	BCS_SCABARITE_CHAMPION_ATTACK_SLASH
9428	MAGIC	BCS_SCABARITE_CHAMPION_ATTACK_SPELL
9575	RANGED	NPC_KEPHRI_ATTACK_RANGED
9576	RANGED	NPC_KEPHRI_ATTACK_RANGED_RADIAL
9577	MAGIC	NPC_KEPHRI_ATTACK_MAGIC_RADIAL
9588	RANGED	NPC_SCARAB_RANGED_ATTACK
9620	MELEE	NPC_ZEBAK01_ATTACK_MELEE
9621	MELEE	NPC_ZEBAK02_ATTACK_MELEE
9622	MELEE	NPC_ZEBAK01_ATTACK_MELEE_ENRAGED
9623	MELEE	NPC_ZEBAK02_ATTACK_MELEE_ENRAGED
9624	RANGED	NPC_ZEBAK01_ATTACK_RANGED
9625	RANGED	NPC_ZEBAK02_ATTACK_RANGED
9626	RANGED	NPC_ZEBAK01_ATTACK_RANGED_ENRAGED
9627	RANGED	NPC_ZEBAK02_ATTACK_RANGED_ENRAGED
9742	MELEE	NPC_MANDRILL_ATTACK_MELEE
9743	MELEE	NPC_BABA_ATTACK_MELEE
9744	RANGED	NPC_MANDRILL_ATTACK_RANGED_01
9745	RANGED	NPC_MANDRILL_ATTACK_RANGED_02
9746	MAGIC	NPC_MANDRILL_ATTACK_MAGIC
9747	MAGIC	NPC_MANDRILL_ATTACK_MAGIC_02
9749	RANGED	NPC_MANDRILL_ATTACK_SPECIAL_RANGED01
9770	MELEE	NPC_AKKHA_ATTACK_MELEE_SPEAR
9771	MELEE	NPC_AKKHA_ATTACK_MELEE_SWORD
9772	RANGED	NPC_AKKHA_ATTACK_RANGED_SPEAR
9773	RANGED	NPC_AKKHA_ATTACK_RANGED_SWORD
9774	MAGIC	NPC_AKKHA_ATTACK_MAGIC_SPEAR
9775	MAGIC	NPC_AKKHA_ATTACK_MAGIC_SWORD
9776	MAGIC	NPC_AKKHA_ATTACK_MAGIC_01_SPEAR
9777	MAGIC	NPC_AKKHA_ATTACK_MAGIC_02_SPEAR
9778	MAGIC	NPC_AKKHA_ATTACK_MAGIC_03_SPEAR
9779	MAGIC	NPC_AKKHA_ATTACK_MAGIC_04_SPEAR
9780	MAGIC	NPC_AKKHA_ATTACK_MAGIC_01_SWORD
9781	MAGIC	NPC_AKKHA_ATTACK_MAGIC_02_SWORD
9782	MAGIC	NPC_AKKHA_ATTACK_MAGIC_03_SWORD
9783	MAGIC	NPC_AKKHA_ATTACK_MAGIC_04_SWORD
9807	RANGED	NIGHTMARE_PARASITE_ATTACK_RANGED_MERGE
9868	MELEE	MAHJARRAT_ATTACK_MELEE01
9869	MAGIC	MAHJARRAT_ATTACK_MAGIC01
9877	MELEE	MAHJARRAT_ATTACK_MELEE02
9878	MAGIC	MAHJARRAT_ATTACK_MAGIC02
9886	MELEE	MAHJARRAT_ATTACK_MELEE03
9887	MAGIC	MAHJARRAT_ATTACK_MAGIC03
9895	MAGIC	MAHJARRAT_ATTACK_MAGIC04
9897	MELEE	MAHJARRAT_ATTACK_MELEE_SLASH01
9898	MELEE	MAHJARRAT_ATTACK_MELEE_CRUSH01
9918	MAGIC	NPC_MUSPAH_ATTACK_MAGIC_01
9920	MELEE	NPC_MUSPAH_ATTACK_MELEE_01
9922	RANGED	NPC_MUSPAH_ATTACK_RANGED_01
9942	MAGIC	PROJECTILE_MUSPAH_ATTACK_MAGIC_01
9943	MAGIC	IMPACT_MUSPAH_ATTACK_MAGIC_01
9944	RANGED	PROJECTILE_MUSPAH_ATTACK_RANGED_01
9969	MAGIC	NPC_VETION_ATTACK_MAGIC_01
9970	MAGIC	NPC_VETION_ATTACK_MAGIC_02
9971	MELEE	NPC_VETION_ATTACK_MELEE_01
9972	MELEE	NPC_VETION_ATTACK_MELEE_02
10012	MELEE	NPC_CALLISTO_ATTACK_MELEE01
10013	RANGED	NPC_CALLISTO_ATTACK_RANGED01
10014	MAGIC	NPC_CALLISTO_ATTACK_MAGIC01
10020	MELEE	CALLISTO_ATTACK_MELEE
10123	MAGIC	MAHJARRAT_ATTACK_MAGIC_05
10124	MELEE	MAHJARRAT_ATTACK_MELEE_STAB_01
10143	MELEE	MAHJARRAT_ATTACK_STAB02
10144	MAGIC	MAHJARRAT_ATTACK_MAGIC06
10176	MELEE	NPC_DUKE_SUCELLUS01_ATTACK_MELEE_01
10177	MAGIC	NPC_DUKE_SUCELLUS01_MAGIC_ATTACK_01
10178	MAGIC	NPC_DUKE_SUCELLUS01_MAGIC_ATTACK_FASTER01
10234	MELEE	NPC_WHISPERER_01_ATTACK_MELEE_01
10235	RANGED	NPC_WHISPERER_01_ATTACK_RANGED_01
10236	RANGED	NPC_WHISPERER_01_ATTACK_RANGED_02
10237	RANGED	NPC_WHISPERER_01_ATTACK_RANGED_03
10238	RANGED	NPC_WHISPERER_01_ATTACK_RANGED_04
10239	RANGED	NPC_WHISPERER_01_ATTACK_RANGED_05
10240	RANGED	NPC_WHISPERER_01_ATTACK_RANGED_06
10241	MAGIC	NPC_WHISPERER_01_ATTACK_MAGIC_01
10242	MAGIC	NPC_WHISPERER_01_ATTACK_MAGIC_02
10243	MAGIC	NPC_WHISPERER_01_ATTACK_MAGIC_03
10244	MAGIC	NPC_WHISPERER_01_ATTACK_MAGIC_04
10245	MAGIC	NPC_WHISPERER_01_ATTACK_MAGIC_05
10246	MAGIC	NPC_WHISPERER_01_ATTACK_MAGIC_06
10402	MELEE	NPC_ANCIENT_GUARDIAN01_ZAROS01_ATTACK_MELEE01
10403	MELEE	NPC_ANCIENT_GUARDIAN01_ZAROS01_ATTACK_MELEE02
10638	MAGIC	TRAILBLAZER_GUARDIAN_01_ATTACK_MAGIC_01
10641	MAGIC	TRAILBLAZER_GUARDIAN_01_ATTACK_MAGIC_01_IMPACTANIM_01
10643	RANGED	TRAILBLAZER_GUARDIAN_01_ATTACK_RANGED_01_IMPACTANIM_01
10656	RANGED	SNAKEBOSS_BLOWPIPE_ATTACK_ORNAMENT
10692	MELEE	NPC_RAT_BOSS_ATTACK_MELEE_01
10693	MELEE	NPC_RAT_BOSS_ATTACK_MELEE_02
10694	RANGED	NPC_RAT_BOSS_ATTACK_RANGED_01
10695	RANGED	NPC_RAT_BOSS_FEEDING_ATTACK_RANGED_01
10696	MAGIC	NPC_RAT_BOSS_ATTACK_MAGIC_01
10697	MAGIC	NPC_RAT_BOSS_FEEDING_ATTACK_MAGIC_01
10738	MELEE	SHARATHTEERK_ATTACK_MELEE_01
10739	MAGIC	SHARATHTEERK_ATTACK_MAGIC_01
10843	MELEE	NPC_MINOTAUR_BOSS_ATTACK_MELEE
10844	MAGIC	NPC_MINOTAUR_BOSS_ATTACK_MAGIC
10847	RANGED	NPC_JAGUAR_RANGER_CLAWS_ATTACK
10882	MELEE	NPC_COLOSSI_FINALBOSS_01_MELEE_ATTACK
10883	MELEE	NPC_COLOSSI_FINALBOSS_01_MELEE_ATTACK_TELEGRAPH
10892	RANGED	NPC_COLOSSI_JAVELIN_01_RANGE_ATTACK
10893	RANGED	NPC_COLOSSI_JAVELIN_01_ARTILLERY_ATTACK
11057	RANGED	HUMAN_ATLATL_ATTACK_RANGED_01
11476	RANGED	NPC_ARAXXOR_01_ATTACK_RANGED_01
11479	MAGIC	NPC_ARAXXOR_01_ATTACK_MAGIC_01
11480	MELEE	NPC_ARAXXOR_01_ATTACK_MELEE_01
11483	MELEE	NPC_ARAXXOR_01_ATTACK_SLOW_MELEE_01
11484	RANGED	NPC_ARAXXOR_01_ATTACK_SLOW_RANGED_01
11487	MELEE	NPC_ARAXXOR_01_ATTACK_MELEE_ENRAGED_01
11669	MELEE	HUEY_ATTACK_MELEE
11670	RANGED	HUEY_ATTACK_RANGE
11671	MAGIC	HUEY_ATTACK_MAGIC
11673	MELEE	HUEY_SHIELD_ATTACK_MELEE
11674	RANGED	HUEY_SHIELD_ATTACK_RANGE
11675	MAGIC	HUEY_SHIELD_ATTACK_MAGIC
11747	MELEE	NPC_MINOTAUR_BOSS_ATTACK_MELEE_LOUDER
11798	MAGIC	SHARATHTEERK_ATTACK_MAGIC_02
11813	RANGED	KALPHITE_QUEEN_RANGED_ATTACK_DUPE
11869	MAGIC	HUNLLEF_ATTACK_TRANSITION_MAGIC_LOWPRIO
11870	RANGED	HUNLLEF_ATTACK_TRANSITION_RANGED_LOWPRIO
11920	MAGIC	LEAGUE05_GUARDIAN_ATTACK_MAGIC_01
11923	MAGIC	LEAGUE05_GUARDIAN_ATTACK_MAGIC_IMPACTANIM_01
11938	RANGED	DRYGORE_BLOWPIPE_ATTACK
11973	MELEE	ICE_GIANT_ELDRIC_KING_ATTACK_MELEE01
11974	MELEE	FIRE_GIANT_BRANDA_QUEEN_ATTACK_MELEE01
12043	RANGED	GNOME_ATTACKBOW
12406	RANGED	DOM_STANDARD_RANGE_ATTACK
12407	RANGED	DOM_ROCK_THROW_ATTACK
12416	MELEE	DOM_MELEE_ATTACK
12551	MELEE	GRYPHON_MELEE_ATTACK01
12552	MELEE	GRYPHON_BOSS_MELEE_ATTACK01
12670	RANGED	LORE_CHINCHOMPA_ATTACK
12850	MELEE	LORE_MANTIS_CRUSH_ATTACK
12855	MELEE	LORE_MANTIS_SLASH_ATTACK
12856	MELEE	LORE_MANTIS_STAB_ATTACK
12939	RANGED	LORE_STRANGER_PLANT_ATTACK
12949	RANGED	LORE_SWAMP_TITAN_RANGE_ATTACK
13142	RANGED	CAMPHOR_BLOWPIPE_ATTACK
13143	RANGED	IRONWOOD_BLOWPIPE_ATTACK
13144	RANGED	ROSEWOOD_BLOWPIPE_ATTACK
13145	RANGED	ROSEWOOD_BLOWPIPE_SPECIAL_ATTACK
13248	MELEE	NPC_SEA_MOGRE_ATTACK_MELEE01
13482	MELEE	TI_MANTIS_SLASH_ATTACK
13483	MELEE	TI_MANTIS_STAB_ATTACK
13848	MAGIC	LEAGUES_6_THRALL_IMP_MAGIC_ATTACK
13849	MAGIC	LEAGUES_6_THRALL_IMP_MAGIC_ATTACK_02
13850	RANGED	LEAGUES_6_THRALL_IMP_RANGED_ATTACK
13851	MELEE	LEAGUES_6_THRALL_IMP_MELEE_ATTACK
13925	MELEE	MAGGOT_KING_MELEEATTACK
13933	RANGED	MAGGOT_KING_RANGEATTACK
14012	MELEE	NPC_BAT_DIRE_ATTACK_MELEE_01
14046	MELEE	NPC_VENATOR_MELEE_ATTACK01
14047	MELEE	NPC_SUPERIOR_VENATOR_MELEE_ATTACK01
14057	MELEE	NPC_EFARITAY_HALLOW_ATTACK_MELEE_01
14058	MELEE	NPC_EFARITAY_HALLOW_ATTACK_MELEE_01_LOUD
14059	MAGIC	NPC_EFARITAY_HALLOW_ATTACK_MAGIC_01
14060	MAGIC	NPC_EFARITAY_HALLOW_ATTACK_MAGIC_01_LOUD
14065	MAGIC	NPC_EFARITAY_HALLOW_ATTACK_MAINTAIN_SPELL_START_01
14066	MAGIC	NPC_EFARITAY_HALLOW_ATTACK_MAINTAIN_SPELL_END_01
14067	MAGIC	NPC_EFARITAY_HALLOW_ATTACK_MAINTAIN_SPELL_01
14309	MELEE	NPC_LOWERNIEL_DRAKAN_MELEE_ATTACK01
14310	MELEE	NPC_LOWERNIEL_DRAKAN_MELEE_ATTACK_LAME_WING01
14311	MAGIC	NPC_LOWERNIEL_DRAKAN_MAGIC_ATTACK01
14312	MAGIC	NPC_LOWERNIEL_DRAKAN_MAGIC_ATTACK_LAME_WING01
14387	MELEE	TOP_SPIDER_MELEE_ATTACK_QUIET
14390	RANGED	TOP_SPIDER_RANGED_ATTACK_QUIET
14392	MAGIC	TOP_SPIDER_MAGIC_ATTACK_QUIET
14443	RANGED	NPC_MAD_ANGEL_ATTACK_BOMB_THROW
