# Projectile spotanim -> combat style, derived by name matching over net.runelite.api.gameval.SpotanimID.
# Only travelling projectiles are listed. id<TAB>style<TAB>source constant
9	RANGED	IRON_ARROW_TRAVEL
10	RANGED	BRONZE_ARROW_TRAVEL
11	RANGED	STEEL_ARROW_TRAVEL
12	RANGED	MITHRIL_ARROW_TRAVEL
13	RANGED	ADAMANT_ARROW_TRAVEL
14	RANGED	BLACK_ARROW_TRAVEL
15	RANGED	RUNE_ARROW_TRAVEL
16	RANGED	ICE_ARROW_TRAVEL
17	RANGED	FIRE_ARROW_TRAVEL
18	RANGED	IRON_ARROW_LAUNCH
19	RANGED	BRONZE_ARROW_LAUNCH
20	RANGED	STEEL_ARROW_LAUNCH
21	RANGED	MITHRIL_ARROW_LAUNCH
22	RANGED	ADAMANT_ARROW_LAUNCH
23	RANGED	BLACK_ARROW_LAUNCH
24	RANGED	RUNE_ARROW_LAUNCH
25	RANGED	ICE_ARROW_LAUNCH
26	RANGED	FIRE_ARROW_LAUNCH
27	RANGED	CROSSBOWBOLT_TRAVEL
28	RANGED	DRAGON_TKNIFE_TRAVEL
34	RANGED	BLACK_DART_TRAVEL
53	CANNON	CANNONBALL_TRAVEL
88	MAGIC	IBANBLAST_TRAVEL
91	MAGIC	WINDSTRIKE_TRAVEL
94	MAGIC	WATERSTRIKE_TRAVEL
97	MAGIC	EARTHSTRIKE_TRAVEL
100	MAGIC	FIRESTRIKE_TRAVEL
118	MAGIC	WINDBOLT_TRAVEL
121	MAGIC	WATERBOLT_TRAVEL
124	MAGIC	EARTHBOLT_TRAVEL
127	MAGIC	FIREBOLT_TRAVEL
130	MAGIC	FIREBLAST_TRAVEL
133	MAGIC	WINDBLAST_TRAVEL
136	MAGIC	WATERBLAST_TRAVEL
139	MAGIC	EARTHBLAST_TRAVEL
156	MAGIC	FIREWAVE_TRAVEL
159	MAGIC	WINDWAVE_TRAVEL
162	MAGIC	WATERWAVE_TRAVEL
165	MAGIC	EARTHWAVE_TRAVEL
200	RANGED	BRONZE_JAVELIN_TRAVEL
201	RANGED	IRON_JAVELIN_TRAVEL
202	RANGED	STEEL_JAVELIN_TRAVEL
203	RANGED	MITHRIL_JAVELIN_TRAVEL
204	RANGED	ADAMANT_JAVELIN_TRAVEL
205	RANGED	RUNE_JAVELIN_TRAVEL
212	RANGED	BRONZE_TKNIFE_TRAVEL
213	RANGED	IRON_TKNIFE_TRAVEL
214	RANGED	STEEL_TKNIFE_TRAVEL
215	RANGED	BLACK_TKNIFE_TRAVEL
216	RANGED	MITHRIL_TKNIFE_TRAVEL
217	RANGED	ADAMANT_TKNIFE_TRAVEL
218	RANGED	RUNE_TKNIFE_TRAVEL
219	RANGED	BRONZE_TKNIFE_LAUNCH
220	RANGED	IRON_TKNIFE_LAUNCH
221	RANGED	STEEL_TKNIFE_LAUNCH
222	RANGED	BLACK_TKNIFE_LAUNCH
223	RANGED	MITHRIL_TKNIFE_LAUNCH
224	RANGED	ADAMANT_TKNIFE_LAUNCH
225	RANGED	RUNE_TKNIFE_LAUNCH
226	RANGED	BRONZE_DART_TRAVEL
227	RANGED	IRON_DART_TRAVEL
228	RANGED	STEEL_DART_TRAVEL
229	RANGED	MITHRIL_DART_TRAVEL
230	RANGED	ADAMANT_DART_TRAVEL
231	RANGED	RUNE_DART_TRAVEL
232	RANGED	BRONZE_DART_LAUNCH
233	RANGED	IRON_DART_LAUNCH
234	RANGED	STEEL_DART_LAUNCH
235	RANGED	MITHRIL_DART_LAUNCH
236	RANGED	ADAMANT_DART_LAUNCH
237	RANGED	RUNE_DART_LAUNCH
242	RANGED	OGRE_ARROW_TRAVEL
243	RANGED	OGRE_ARROW_LAUNCH
249	RANGED	SP_ATTACK_GLOW_ARROW_TRAVEL
250	RANGED	SP_ATTACK_GLOW_ARROW_LAUNCH
273	RANGED	BLACK_DART_LAUNCH
304	MAGIC	CASTLEWARS_CATAPULT_TRAVEL
325	RANGED	SLAYER_BROAD_ARROW_LAUNCH
326	RANGED	SLAYER_BROAD_ARROW_TRAVEL
328	MAGIC	SLAYER_MAGICDART_TRAVEL
330	MAGIC	SLAYER_INFERNALMAGE_MAGICDART_TRAVEL
360	MAGIC	ICE_RUSH_TRAVEL
366	MAGIC	ICE_BURST_TRAVEL
368	MAGIC	ICE_BARRAGE_TRAVEL
372	MAGIC	BLOOD_RUSH_TRAVEL
378	MAGIC	SHADOW_RUSH_TRAVEL
384	MAGIC	SMOKE_RUSH_TRAVEL
388	MAGIC	SMOKE_BURST_TRAVEL
390	MAGIC	SMOKE_BARRAGE_TRAVEL
403	RANGED	BLUNT_ARROW_LAUNCH
404	RANGED	BLUNT_ARROW_TRAVEL
471	RANGED	SP_ATTACK_GLOW_ARROW_TRAVEL_WHITE
472	RANGED	SP_ATTACK_GLOW_ARROW_LAUNCH_WHITE
473	RANGED	DAGANNOTH_ARROW_SPOTANIM_TRAVEL
540	MAGIC	ENAKH_ICE_BURST_TRAVEL
588	RANGED	OGRE_ARROW_FAR_LAUNCH
613	RANGED	POH_DART_PROJECTILE
614	RANGED	POH_ARROW_PROJECTILE
696	RANGED	DTTD_BONE_CROSSBOWBOLT_TRAVEL
697	RANGED	DRAGON_TKNIFE_TRAVEL_P
698	RANGED	DTTD_BONE_CROSSBOWBOLT_TRAVEL_SP_ATTACK
699	RANGED	DRAGON_TKNIFE_TRAVEL_SPEC
705	RANGED	BONE_CROSSBOW_LAUNCH
805	RANGED	AIDE_ARROW_TRAVEL
806	RANGED	AIDE_ARROW_LAUNCH
970	MAGIC	QIP_WATCHTOWER_OGRE_SPELL_TRAVEL_SPOTANIM
1050	RANGED	SLICE_HAM_AGENT_ARROW_LAUNCH_SPOT
1051	RANGED	SLICE_HAM_AGENT_ARROW_PROJANIM
1101	RANGED	DARKBOW_GENERIC_SMOKE_ARROW_FLIGHT
1102	RANGED	DARKBOW_BROADARROW_SMOKE_ARROW_FLIGHT
1104	RANGED	DOUBLE_BRONZE_ARROW_LAUNCH
1105	RANGED	DOUBLE_IRON_ARROW_LAUNCH
1106	RANGED	DOUBLE_STEEL_ARROW_LAUNCH
1107	RANGED	DOUBLE_MITHRIL_ARROW_LAUNCH
1108	RANGED	DOUBLE_ADAMANT_ARROW_LAUNCH
1109	RANGED	DOUBLE_RUNE_ARROW_LAUNCH
1110	RANGED	DOUBLE_ICE_ARROW_LAUNCH
1111	RANGED	DOUBLE_DRAGON_ARROW_LAUNCH
1112	RANGED	DOUBLE_SLAYER_BROAD_ARROW_LAUNCH
1113	RANGED	DOUBLEFIRE_ARROW_LAUNCH
1114	RANGED	DOUBLE_DRAGON_ARROW_LAUNCH_LIT
1115	RANGED	DRAGON_ARROW_LIT_TRAVEL
1116	RANGED	DRAGON_ARROW_LAUNCH
1120	RANGED	II_DRAGON_ARROW_NORMAL_PROJANIM
1121	MAGIC	II_DRAGON_ARROW_MAGIC_PROJANIM
1122	RANGED	II_DRAGON_DART_PROJANIM
1123	RANGED	II_DRAGONDART_LAUNCH
1181	RANGED	ACB_CROSSBOWBOLT_TRAVEL
1185	RANGED	GODWARS_CENTAUR_ARROW_LAUNCH
1201	RANGED	GODWARS_ARMADYL_BOLT_ATTACK_PROJANIM
1301	RANGED	DRAGON_JAVELIN_TRAVEL
1314	MAGIC	NECHRYAEL_SPELL_TRAVEL
1327	MAGIC	RAIDS_VASANISTIRIO_MAGIC_TRAVEL
1373	MAGIC	SLAYER_MAGICDART_ENCHANTED_TRAVEL
1383	RANGED	DOUBLE_AMETHYST_ARROW_LAUNCH
1384	RANGED	AMETHYST_ARROW_TRAVEL
1385	RANGED	AMETHYST_ARROW_LAUNCH
1386	RANGED	AMETHYST_JAVELIN_TRAVEL
1415	MAGIC	REVENANT_MAGIC_TRAVEL
1443	CANNON	CANNONBALL_TRAVEL_GRANITE
1456	MAGIC	WINDSURGE_TRAVEL
1459	MAGIC	WATERSURGE_TRAVEL
1462	MAGIC	EARTHSURGE_TRAVEL
1465	MAGIC	FIRESURGE_TRAVEL
1468	RANGED	DRAGON_CROSSBOWBOLT_TRAVEL
1479	MAGIC	VORKATH_MAGIC_TRAVEL
1490	MAGIC	GALVEK_MAGIC_TRAVEL
1499	RANGED	DOUBLE_BARBASSAULT_BULLET_ARROW_LAUNCH
1500	RANGED	DOUBLE_BARBASSAULT_FIELD_ARROW_LAUNCH
1501	RANGED	DOUBLE_BARBASSAULT_BLUNT_ARROW_LAUNCH
1502	RANGED	DOUBLE_BARBASSAULT_BARBED_ARROW_LAUNCH
1503	RANGED	BARBASSAULT_BULLET_ARROW_TRAVEL
1504	RANGED	BARBASSAULT_FIELD_ARROW_TRAVEL
1505	RANGED	BARBASSAULT_BLUNT_ARROW_TRAVEL
1506	RANGED	BARBASSAULT_BARBED_ARROW_TRAVEL
1507	RANGED	BARBASSAULT_BULLET_ARROW_LAUNCH
1508	RANGED	BARBASSAULT_FIELD_ARROW_LAUNCH
1509	RANGED	BARBASSAULT_BLUNT_ARROW_LAUNCH
1510	RANGED	BARBASSAULT_BARBED_ARROW_LAUNCH
1522	MAGIC	STARTERSPELL_TRAVEL
1524	RANGED	STARTER_ARROW_TRAVEL
1525	RANGED	STARTER_ARROW_LAUNCH
1574	RANGED	WILD_CAVE_BOW_ARROW_TRAVEL
1611	RANGED	WILD_CAVE_BOW_ARROW_LAUNCH
1619	RANGED	MORRIGANS_JAVELIN_LAUNCH
1620	RANGED	MORRIGANS_JAVELIN_TRAVEL
1622	MAGIC	ARAXXOR_MAGIC_PROJECTILE
1629	RANGED	DRAGON_TKNIFE_TRAVEL_SPEC_P
1630	RANGED	DRAGON_TKNIFE_LAUNCH
1669	MAGIC	DREAM_HUMIDIFY_SPELL_PROJANIM
1682	RANGED	HOSDUN_SPIDER_BOLT_TRAVEL
1690	RANGED	ARROW_GLOW_PURPLE_LAUNCH
1691	RANGED	ARROW_GLOW_PURPLE_TRAVEL
1692	RANGED	ARROW_GLOW_ORANGE_LAUNCH
1693	RANGED	ARROW_GLOW_ORANGE_TRAVEL
1701	MAGIC	CRYSTAL_DRAGON_MAGIC_TRAVEL
1702	MAGIC	CRYSTAL_DRAGON_MAGIC_TRAVEL_HM
1707	MAGIC	CRYSTAL_HUNLLEF_MAGIC_TRAVEL
1708	MAGIC	CRYSTAL_HUNLLEF_MAGIC_TRAVEL_HM
1735	MAGIC	BASILISK_KNIGHT_MAGIC_TRAVEL
1737	MAGIC	JORMUNGAND_MAGIC_TRAVEL
1764	MAGIC	NIGHTMARE_MAGIC_TRAVEL
1768	MAGIC	NIGHTMARE_TOTEM_SPELL_TRAVEL
1771	MAGIC	NIGHTMARE_PARASITE_MAGIC_TRAVEL
1776	MAGIC	NIGHTMARE_HUSK_MAGIC_TRAVEL
1784	MAGIC	BLOOD_BLAST_TRAVEL
1887	RANGED	SP_ATTACK_ARROW_TRAVEL_FAERDHINEN
1888	RANGED	SP_ATTACK_ARROW_LAUNCH_FAERDHINEN
1907	MAGIC	THRALL_MAGIC_TRAVEL
1909	RANGED	GOLD_TKNIFE_TRAVEL
1910	RANGED	GOLD_TKNIFE_LAUNCH
1922	RANGED	SP_ATTACK_ARROW_TRAVEL_FAERDHINEN_INFINITE
1923	RANGED	SP_ATTACK_ARROW_LAUNCH_FAERDHINEN_INFINITE
1924	RANGED	SP_ATTACK_ARROW_TRAVEL_FAERDHINEN_ITHELL
1925	RANGED	SP_ATTACK_ARROW_LAUNCH_FAERDHINEN_ITHELL
1926	RANGED	SP_ATTACK_ARROW_TRAVEL_FAERDHINEN_IORWERTH
1927	RANGED	SP_ATTACK_ARROW_LAUNCH_FAERDHINEN_IORWERTH
1928	RANGED	SP_ATTACK_ARROW_TRAVEL_FAERDHINEN_TRAHAEARN
1929	RANGED	SP_ATTACK_ARROW_LAUNCH_FAERDHINEN_TRAHAEARN
1930	RANGED	SP_ATTACK_ARROW_TRAVEL_FAERDHINEN_CADARN
1931	RANGED	SP_ATTACK_ARROW_LAUNCH_FAERDHINEN_CADARN
1932	RANGED	SP_ATTACK_ARROW_TRAVEL_FAERDHINEN_CRWYS
1933	RANGED	SP_ATTACK_ARROW_LAUNCH_FAERDHINEN_CRWYS
1934	RANGED	SP_ATTACK_ARROW_TRAVEL_FAERDHINEN_AMLODD
1935	RANGED	SP_ATTACK_ARROW_LAUNCH_FAERDHINEN_AMLODD
1936	RANGED	AMETHYST_DART_TRAVEL
1937	RANGED	AMETHYST_DART_LAUNCH
2018	CANNON	CANNONBALL_TRAVEL_LEAGUE
2019	CANNON	CANNONBALL_TRAVEL_GRANITE_LEAGUE
2065	MAGIC	PYRAMID_WATERSTRIKE_TRAVEL
2075	MAGIC	BCS_AKH_MAGIC_TRAVEL
2208	MAGIC	TOA_WARDENS_PRAYER_MAGIC_TRAVEL
2247	MAGIC	TOA_BABOON_MAGIC_TRAVEL_1
2248	MAGIC	TOA_BABOON_MAGIC_TRAVEL_2
2253	MAGIC	AKKHA_MAGIC_TRAVEL
2280	RANGED	SP_ATTACK_ARROW_LAUNCH_CARD01
2281	RANGED	SP_ATTACK_ARROW_TRAVEL_CARD01
2282	RANGED	WILD_CAVE_BOW_ARROW_TRAVEL02
2283	RANGED	WILD_CAVE_BOW_ARROW_LAUNCH02
2289	RANGED	ARROW_VENATOR01_LAUNCH01
2290	RANGED	ARROW_VENATOR01_LAUNCH01_NOGLOW
2291	RANGED	ARROW_VENATOR01_TRAVEL01
2292	RANGED	ARROW_VENATOR01_TRAVEL01_NOGLOW
2327	MAGIC	PROJECTILE_MUSPAH_ATTACK_MAGIC_01
2337	MAGIC	SPELLS_VETION01_TRAVEL
2339	MAGIC	SPELLS_VETION01_TRAVEL02
2340	MAGIC	SPELLS_THAMMARON01_TRAVEL01
2358	MAGIC	FX_VENENATIS_MAGIC_PROJECTILE
2368	RANGED	ARROW_HEART01_TRAVEL01
2434	MAGIC	VFX_DUKE_SUCELLUS_ATTACK_MAGIC_PROJECTILE_01
2435	MAGIC	VFX_DUKE_SUCELLUS_ATTACK_MAGIC_PROJECTILE_IMPACT_01
2483	MAGIC	VFX_LEVIATHAN_01_PROJECTILE_SPOTANIM_MAGIC_01
2486	MAGIC	VFX_LEVIATHAN_01_PROJECTILE_SPOTANIM_MAGIC_02
2489	MAGIC	VFX_LEVIATHAN_01_PROJECTILE_MAGIC_01
2492	MAGIC	VFX_LEVIATHAN_01_PROJECTILE_IMPACT_MAGIC_01
2520	MAGIC	VFX_VARDORVIS_HEAD_PROJECTILE_MAGIC_01
2534	MAGIC	PURSUER_MAGIC_TRAVEL
2536	MAGIC	PURSUER_MAGIC_TRAVEL_SHORT
2551	MAGIC	VFX_VARDORVIS_HEAD_PROJECTILE_IMPACT_MAGIC_01
2614	MAGIC	TRAILBLAZER_GUARDIAN_01_ATTACK_MAGIC_01_PROJANIM_01
2647	MAGIC	SPELLS_RATBONE01_TRAVEL01
2681	MAGIC	VFX_MANTICORE_01_PROJECTILE_MAGIC_01
2682	MAGIC	VFX_MANTICORE_01_PROJECTILE_IMPACT_MAGIC_01
2756	MAGIC	VFX_DJINN_BLUE_MAGIC_PROJECTILE_01
2765	MAGIC	VFX_DJINN_BLUE_MAGIC_PROJECTILE_02
2766	MAGIC	VFX_DJINN_BLUE_MAGIC_PROJECTILE_03
2807	RANGED	VFX_SCORCHING_BOW_PROJECTILE
2822	RANGED	LUC2_MOVARIO_DART_LAUNCH_SPOT
2920	RANGED	MORRIGANS_JAVELIN_PROJANIM
2950	MAGIC	VFX_MINOTAUR_PROJECTILE_MAGIC_01
2951	MAGIC	VFX_MINOTAUR_PROJECTILE_IMPACT_MAGIC_01
2975	MAGIC	VFX_HUEY_ATTACK_MAGIC_PROJANIM_01
3027	MAGIC	TOA_WARDENS_PRAYER_MAGIC_TRAVEL_SMALL
3062	MAGIC	LEAGUE05_GUARDIAN_ATTACK_MAGIC_PROJANIM_01
3064	MAGIC	LEAGUE5_GUARDIAN_01_ATTACK_MAGIC_01_PROJANIM_01
3130	MAGIC	LEAGUE_5_VFX_LORE_DUST_DEVIL_ATTACK_MAGIC_PROJANIM
3159	MAGIC	LEAGUE_5_CRYSTAL_HUNLEFF_MAGIC_TRAVEL
3168	MAGIC	ECHO_WATERWAVE_TRAVEL
3297	MAGIC	VFX_VMQ4_PROJECTILE_MAGIC_WATER_CAST01
3298	MAGIC	VMQ4_PROJECTILE_CULTIST_MAGIC_WATER_01
3300	MAGIC	VFX_VMQ4_PROJECTILE_MAGIC_WATER_CAST02
3301	MAGIC	VMQ4_PROJECTILE_CULTIST_MAGIC_WATER_02
3313	MAGIC	VMQ4_PROJECTILE_METZLI_MAGIC_WATER_01
3315	MAGIC	VFX_VMQ4_PROJECTILE_MAGIC_WATER_CAST04
3316	MAGIC	VMQ4_PROJECTILE_CULTIST_MAGIC_WATER_04
3379	MAGIC	VFX_STANDARD_PROJECTILE_MAGIC
3385	MAGIC	VFX_ROCK_PROJECTILE_LAUNCH_MAGIC
3387	MAGIC	VFX_ROCK_PROJECTILE_SPLIT_MAGIC
3486	RANGED	ROSEWOOD_BLOWPIPE_SPECIAL_TRAVEL
3487	CANNON	SAILING_CANNONBALL_TRAVEL_BRONZE
3488	CANNON	SAILING_CANNONBALL_TRAVEL_IRON
3489	CANNON	SAILING_CANNONBALL_TRAVEL_STEEL
3490	CANNON	SAILING_CANNONBALL_TRAVEL_GRANITE
3491	CANNON	SAILING_CANNONBALL_TRAVEL_MITHRIL
3492	CANNON	SAILING_CANNONBALL_TRAVEL_ADAMANT
3493	CANNON	SAILING_CANNONBALL_TRAVEL_RUNE
3494	CANNON	SAILING_CANNONBALL_TRAVEL_DRAGON
3513	MAGIC	PROJANIM_KRAKEN_MAGIC01
3514	MAGIC	PROJANIM_KRAKEN_MAGIC02
3515	MAGIC	PROJANIM_KRAKEN_MAGIC03
3520	MAGIC	SAILING_HUMAN_LOOT_NET_CAST_PROJANIM_01
3599	MAGIC	VFX_COWBOSS_HM_LAUNCH_MAGIC_01
3667	MAGIC	LEAGUES_6_VFX_LORE_DUST_DEVIL_ATTACK_MAGIC_PROJANIM
3682	MAGIC	LEAGUES_6_CRYSTAL_HUNLEFF_MAGIC_TRAVEL
3691	MAGIC	LEAGUES_6_WATERWAVE_TRAVEL
3718	MAGIC	IBANBLAST_TRAVEL_ORN
3730	MAGIC	LEAGUES_6_THRALL_IMP_MAGIC_ATTACK_VFX_PROJANIM
3806	RANGED	SILVTHRILL_JAVELIN_TRAVEL
3809	MAGIC	ARANEI_MAGIC_TRAVEL
3844	MAGIC	VFX_EFARITAY_HALLOW_ATTACK_MAGIC_01_PROJANIM_01
3874	MAGIC	VFX_BLOOD_BOLT_PROJECTILE_LEFT01
3875	MAGIC	VFX_BLOOD_BOLT_PROJECTILE_LEFT02
3876	MAGIC	VFX_BLOOD_BOLT_PROJECTILE_LEFT03
3877	MAGIC	VFX_BLOOD_BOLT_PROJECTILE_RIGHT01
3878	MAGIC	VFX_BLOOD_BOLT_PROJECTILE_RIGHT02
3879	MAGIC	VFX_BLOOD_BOLT_PROJECTILE_RIGHT03
3880	MAGIC	VFX_BLOOD_MAGIC_BOLT_PROJECTILE_OVERHEAD01
3957	MAGIC	VFX_ARANEI_MAGIC_PROJECTILE
